ホテル名,ホテルID,ユーザ名,性別,年代,URL,クチコミID,投稿日,宿泊年月,評価(総合),評価(サービス),評価(立地),評価(部屋),評価(設備・アメニティ),評価(風呂),評価(食事),口コミ種別,口コミ,ホテル側の返答,ご利用の宿泊プラン,ご利用のお部屋
アパホテル＜渋谷道玄坂上＞,138039,投稿者,,,https://review.travel.rakuten.co.jp/hotel/voice/138039/17932880?f_time=&f_keyword=&f_age=0&f_sex=0&f_mem1=0&f_mem2=0&f_mem3=0&f_mem4=0&f_mem5=0&f_teikei=&f_static=1&f_point=0&f_sort=0&f_next=0&f_offset=1,,2021-03-06 20:39:16,2021月03月,2,5,4,4,2,3,-,,エレベーターが遅くて、朝は永遠に乗れないので階段を使えるようにして欲しい。,この度はアパホテル〈渋谷道玄坂上〉にご宿泊いただき、誠にありがとうございます。お客様のおっしゃる通り当館はエレベーターが1基ですので、チェックイン時やチェックアウト時など混雑する時間帯は、少々お待ちいただく場合がございます。 非常階段のご利用も出来ますので、その旨を館内アナウンスにてお知らせするなど改善に努めてまいります。 この度はお忙しい中のご投稿誠にありがとうございます。お客様のまたのご利用、心よりお待ちしております。フロント　矢崎,【創業50周年記念第2弾・室数限定・素泊まり】【アパは映画もアニメも見放題】,【■喫煙可■シングル】
アパホテル＜渋谷道玄坂上＞,138039,投稿者,,,https://review.travel.rakuten.co.jp/hotel/voice/138039/17932541?f_time=&f_keyword=&f_age=0&f_sex=0&f_mem1=0&f_mem2=0&f_mem3=0&f_mem4=0&f_mem5=0&f_teikei=&f_static=1&f_point=0&f_sort=0&f_next=0&f_offset=2,,2021-03-06 18:13:32,2021月03月,4,3,5,4,4,-,-,,近くにコンビニあったし駅から近くて助かりました。,この度はアパホテル〈渋谷道玄坂上〉にご宿泊いただき、誠にありがとうございます。当館は渋谷駅から徒歩8分ほどの場所に位置しており、道玄坂には多くの飲食店やコンビニエンスストア、商業施設などがございますので快適にお過ごしいただけたかと存じます。また渋谷にお越しいただいた際は、ぜひ当館をご利用くださいませ。お客様のまたのご利用を心よりお待ちしております。フロント　鶴井,【創業50周年記念第2弾・室数限定・素泊まり】【アパは映画もアニメも見放題】,【□禁煙室□セミダブル】
アパホテル＜渋谷道玄坂上＞,138039,投稿者,,,https://review.travel.rakuten.co.jp/hotel/voice/138039/17931517?f_time=&f_keyword=&f_age=0&f_sex=0&f_mem1=0&f_mem2=0&f_mem3=0&f_mem4=0&f_mem5=0&f_teikei=&f_static=1&f_point=0&f_sort=0&f_next=0&f_offset=3,,2021-03-06 10:54:41,2021月03月,3,4,3,3,5,4,5,,寝心地のよいベッドでゆっくりと過ごせました。はぶらしも気に入りました。音に敏感な方は首都高に面していない部屋をお願いするといいかもしれません。喫茶店のコメダが入っているので、朝からおいしいトーストが食べられて満足です。,この度はアパホテル〈渋谷道玄坂上〉にご宿泊いただき、誠にありがとうございます。アパホテルではアメリカのシーリー社と共同開発した「Cloud fit（クラウドフィット）」というオリジナルベッドを使用しており、多くのお客様にご好評をいただいております。しかしながらせっかくのご滞在にも関わらず、首都高速の音が気になりごゆっくりお休みいただくことが出来ず、大変申し訳ございませんでした。お部屋割りにご希望がございましたら、ご予約時などにご連絡いただければ参考にさせていただきますので、次回ご宿泊の際はぜひご検討くださいませ。お客様のまたのご利用を心よりお待ちしております。フロント　鶴井,【素泊まり・連泊不可】期間限定・室数限定モニタープラン【アパ社長カレープレゼント！】,【□禁煙室□セミダブル】
アパホテル＜渋谷道玄坂上＞,138039,投稿者,,,https://review.travel.rakuten.co.jp/hotel/voice/138039/17926523?f_time=&f_keyword=&f_age=0&f_sex=0&f_mem1=0&f_mem2=0&f_mem3=0&f_mem4=0&f_mem5=0&f_teikei=&f_static=1&f_point=0&f_sort=0&f_next=0&f_offset=4,,2021-03-03 15:21:52,2021月01月,3,3,2,3,3,-,-,,泊まるだけにはいい,この度はアパホテル〈渋谷道玄坂上〉にご宿泊いただき誠にありがとうございます。当館は渋谷駅(ハチ公口)から徒歩8分の場所に位置しております。渋谷駅においでの際は再度当館をご利用いただけますと幸いでございます。この度はお忙しい中のご投稿誠にありがとうございます。お客様のまたのご利用、スタッフ一同心よりお待ちしております。フロント　矢崎,【創業50周年記念第2弾・室数限定・素泊まり】,【□禁煙室□セミダブル】
アパホテル＜渋谷道玄坂上＞,138039,投稿者,,,https://review.travel.rakuten.co.jp/hotel/voice/138039/17920441?f_time=&f_keyword=&f_age=0&f_sex=0&f_mem1=0&f_mem2=0&f_mem3=0&f_mem4=0&f_mem5=0&f_teikei=&f_static=1&f_point=0&f_sort=0&f_next=0&f_offset=5,,2021-02-28 16:27:21,2021月02月,4,4,5,3,4,3,-,,立地は駅から近く良かった。部屋はごく普通と感じた。アメニティは他のビジネスホテルに比べると良い方だと思う。また、機会があれば利用したいと思う。,この度はアパホテル〈渋谷道玄坂上〉にご宿泊いただき誠にありがとうございます。当館の立地面に関しましてお褒めの言葉を頂戴することができ、大変嬉しく感じております。当館は渋谷駅から徒歩8分の立地でございまして、繁華街から少し離れた場所にございますので静かにお休みいただくことが可能でございます。これからも皆様に選ばれるホテルづくりを行ってまいります。お忙しい中、貴重なご意見をありがとうございました。またのご利用をスタッフ一同心よりお待ち致しております。フロント　橋本,【素泊まり・連泊不可】期間限定・室数限定モニタープラン【アパ社長カレープレゼント！】,【□禁煙室□シングル】
アパホテル＜渋谷道玄坂上＞,138039,gacha2525,40代,男性,https://review.travel.rakuten.co.jp/hotel/voice/138039/17913714?f_time=&f_keyword=&f_age=0&f_sex=0&f_mem1=0&f_mem2=0&f_mem3=0&f_mem4=0&f_mem5=0&f_teikei=&f_static=1&f_point=0&f_sort=0&f_next=0&f_offset=6,,2021-02-25 01:39:42,2021月02月,4,2,5,5,4,4,-,,チェックイン時に廊下に掃除用具？ワゴン？置いてあり非常に狭く通りにくかったです。夕方から試験があったため静かな環境で勉強を行うため、レイトチェックアウトで予約しました。他の部屋の掃除があったのは承知しておりますが、ドタバタと非常にうるさかったです。今回は勉強でしたが、それが睡眠のためだったら、とても寝ることは出来ないです。もう少し静かに出来たのかと思います。それ以外については非常に満足で、レイトチェックアウトもあるので非常に良かったです,この度はアパホテル〈渋谷道玄坂上〉にご宿泊いただき、誠にありがとうございます。当館では日帰りプランも販売しているため、通常清掃の他に日帰りプランでご利用のお客様がチェックアウト後に、夜間清掃スタッフが夜間清掃を行なっております。そのためお客様がチェックインされた際に、廊下に掃除用具やアメニティ類補充用のワゴンが出ていたかと思います。ご不便をおかけしてしまい申し訳ございませんでした。また、清掃時の騒音でご滞在の邪魔をしてしまいましたこと、重ねてお詫び申し上げます。今回お客様からいただいたご意見を清掃スタッフとも共有し、改善に努めてまいります。貴重なお時間を当館へのご指摘に充てていただき、誠にありがとうございます。お客様のまたのご利用を心よりお待ち申し上げます。フロント　鶴井,【素泊まり・連泊不可】期間限定・室数限定モニタープラン【アパ社長カレープレゼント！】,【□禁煙室□シングル】
アパホテル＜渋谷道玄坂上＞,138039,投稿者,,,https://review.travel.rakuten.co.jp/hotel/voice/138039/17887242?f_time=&f_keyword=&f_age=0&f_sex=0&f_mem1=0&f_mem2=0&f_mem3=0&f_mem4=0&f_mem5=0&f_teikei=&f_static=1&f_point=0&f_sort=0&f_next=0&f_offset=7,,2021-02-11 06:11:26,2021月02月,4,3,3,3,3,3,-,,ホテルに忘れ物をしましたが、翌日に電話したところ、直ぐに宅急便でおくってくれて助かりました。,この度はアパホテル〈渋谷道玄坂上〉にご滞在頂き誠にありがとうございます。当館の対応にご満足いただきスタッフ一同大変嬉しく思っております。今後も頂いたお言葉に甘えることなく精進してまいります。また渋谷にお越しの際は是非当館をご利用くださいませ。フロント　松本,【創業50周年記念第2弾・室数限定・素泊まり】,【□禁煙室□シングル】
アパホテル＜渋谷道玄坂上＞,138039,投稿者,,,https://review.travel.rakuten.co.jp/hotel/voice/138039/17887089?f_time=&f_keyword=&f_age=0&f_sex=0&f_mem1=0&f_mem2=0&f_mem3=0&f_mem4=0&f_mem5=0&f_teikei=&f_static=1&f_point=0&f_sort=0&f_next=0&f_offset=8,,2021-02-10 22:51:49,2021月02月,5,4,5,4,5,3,-,,息子の受験で連泊で利用しました。立地も良く、スタッフさんの対応も丁寧でした。アメニティは備え付けのを使用しましたが髪の毛パサつかずに良かったです。チェックアウトも箱にキーを入れるだけでスムーズで良かったです。コロナ状況の中エレベーターが1つしかないのが欠点なくらいで、後は良かったです。,この度はアパホテル〈渋谷道玄坂上〉にご滞在頂き誠にありがとうございます。お褒めの言葉をいただきスタッフ一同大変嬉しく思っております。当館のシャンプー、コンディショナー、ボディソープはサラヤのもの使用しており、他のお客様からも大変ご好評を頂いております。また、お客様が仰る通り、チェックアウトはルームキーをチェックアウトポストに投函されるだけでお手続きは完了となり、こちらも大変ご好評を頂いております。また渋谷にお越しの際は是非当館をご利用くださいませ。フロント　松本,【創業50周年記念第2弾・室数限定・素泊まり】,【□禁煙室□シングル】
アパホテル＜渋谷道玄坂上＞,138039,投稿者,,,https://review.travel.rakuten.co.jp/hotel/voice/138039/17883617?f_time=&f_keyword=&f_age=0&f_sex=0&f_mem1=0&f_mem2=0&f_mem3=0&f_mem4=0&f_mem5=0&f_teikei=&f_static=1&f_point=0&f_sort=0&f_next=0&f_offset=9,,2021-02-08 17:01:35,2021月02月,4,3,4,4,3,3,4,,立地よくお部屋もきれいでした。ありがとうございました。,この度はアパホテル〈渋谷道玄坂上〉にご宿泊頂きまして誠にありがとうございます。当館の立地とお部屋にお褒めの言葉をいただき大変嬉しく思います。当館はJR渋谷駅ハチ公口から徒歩約8分のところにございましてお近くに飲食店をはじめとしたたくさんのお店があり、他のお客様からも大変好評をいただいております。また、お部屋に関しましてもゆっくりおくつろぎいただけたようで嬉しく思います。またご機会がございましたらご利用いただけると幸いでございます。お客様のまたのご利用をスタッフ一同心よりお待ち申し上げております。フロント　引本,【創業50周年記念第2弾・室数限定・素泊まり】,【□禁煙室□シングル】
アパホテル＜渋谷道玄坂上＞,138039,投稿者,,,https://review.travel.rakuten.co.jp/hotel/voice/138039/17882164?f_time=&f_keyword=&f_age=0&f_sex=0&f_mem1=0&f_mem2=0&f_mem3=0&f_mem4=0&f_mem5=0&f_teikei=&f_static=1&f_point=0&f_sort=0&f_next=0&f_offset=10,,2021-02-07 19:03:51,2021月01月,3,3,3,3,3,3,3,,1月31日～2月2日まで宿泊しました。,この度はアパホテル〈渋谷道玄坂上〉にご宿泊いただき、誠にありがとうございます。ご滞在中はご迷惑をお掛け致しまして誠に申し訳ございません。その後のお部屋では快適にお過ごし頂けましたでしょうか。ご滞在中お客様から頂いた指摘を清掃スタッフとも共有し、再発防止に努めて参ります。この度はお忙し中貴重なご意見を頂き誠にありがとうございます。フロント　樋口,【創業50周年記念第2弾・室数限定・素泊まり】,【□禁煙室□シングル】
アパホテル＜渋谷道玄坂上＞,138039,投稿者,,,https://review.travel.rakuten.co.jp/hotel/voice/138039/17876733?f_time=&f_keyword=&f_age=0&f_sex=0&f_mem1=0&f_mem2=0&f_mem3=0&f_mem4=0&f_mem5=0&f_teikei=&f_static=1&f_point=0&f_sort=0&f_next=0&f_offset=11,,2021-02-03 15:30:20,2021月02月,5,4,5,3,4,4,-,,今回泊まった部屋は壁にシミなどがあって、古い印象だったのが少し残念でした。ちょこっとクレヨンなどで隠すだけでもだいぶ違うと思います。備え付けの歯ブラシが先細の毛で使いやすいのが良いです。,この度はアパホテル〈渋谷道玄坂上〉にご宿泊いただき、誠にありがとうございます。お部屋に関しましてご不快な思いをさせてしまい、大変申し訳ございませんでした。客室の品質向上のため、お客様よりいただきましたご指摘を参考にさせていただきます。また当館で使用しておりますアメニティは、品質にこだわったものであり、多くのお客様からご好評をいただいております。また渋谷にお越しになる際は、ぜひ当館をご利用くださいませ。フロント　鶴井,【創業50周年記念第2弾・室数限定・素泊まり】,【□禁煙室□シングル】
アパホテル＜渋谷道玄坂上＞,138039,投稿者,,,https://review.travel.rakuten.co.jp/hotel/voice/138039/17876723?f_time=&f_keyword=&f_age=0&f_sex=0&f_mem1=0&f_mem2=0&f_mem3=0&f_mem4=0&f_mem5=0&f_teikei=&f_static=1&f_point=0&f_sort=0&f_next=0&f_offset=12,,2021-02-03 15:22:39,2021月01月,5,4,5,4,4,4,-,,二度目の利用です。連泊した時に清掃不要の札を出しておくと寝巻、タオル類、アメニティ、水のペットボトルを部屋の前に置いてくれます。一人で泊まるなら清掃はいらないかな。ゴミはフロントに頼めば回収してくれます。,この度はアパホテル〈渋谷道玄坂上〉にご宿泊いただき、誠にありがとうございます。お客様のおっしゃる通り、清掃不要の意味を持ちます「ノークリーニングカード」をドアに貼っておいていただきますと、清掃スタッフはお部屋に入室せず、新しいタオル類、ガウン、アメニティの一部をドアの前に設置させていただきます。ゴミや使用済みのタオル類などは、フロントまでご連絡いただくか、午前11時から午後2時の間にドアの前に置いておいていただければ、清掃スタッフが新しいものと交換させていただきますので、次回以降ご宿泊される際にご参考にしていただければ幸いでございます。お客様のまたのご利用を心よりお待ち申し上げております。フロント　鶴井,【創業50周年記念第2弾・室数限定・素泊まり】,【□禁煙室□シングル】
アパホテル＜渋谷道玄坂上＞,138039,投稿者,,,https://review.travel.rakuten.co.jp/hotel/voice/138039/17876703?f_time=&f_keyword=&f_age=0&f_sex=0&f_mem1=0&f_mem2=0&f_mem3=0&f_mem4=0&f_mem5=0&f_teikei=&f_static=1&f_point=0&f_sort=0&f_next=0&f_offset=13,,2021-02-03 15:13:34,2021月01月,5,4,5,5,4,4,-,,部屋は静かでリラックスできました。設備やアメニティもじゅうぶんで、コスパが良いと思います。渋谷に泊まる際はまた利用したいです。,この度はアパホテル〈渋谷道玄坂上〉にご宿泊いただき、誠にありがとうございます。当館でのご滞在に関しまして、概ねご満足いただけたようで、スタッフ一同大変嬉しく思っております。今回お客様からいただいた評価に満足することなく、今後もサービスの向上に努めてまいります。お客様のまたのご利用を心よりお待ち申し上げております。フロント　鶴井,【創業50周年記念第2弾・室数限定・素泊まり】,【□禁煙室□シングル】
アパホテル＜渋谷道玄坂上＞,138039,投稿者,,,https://review.travel.rakuten.co.jp/hotel/voice/138039/17875628?f_time=&f_keyword=&f_age=0&f_sex=0&f_mem1=0&f_mem2=0&f_mem3=0&f_mem4=0&f_mem5=0&f_teikei=&f_static=1&f_point=0&f_sort=0&f_next=0&f_offset=14,,2021-02-02 17:20:58,2021月01月,4,3,4,3,3,3,-,,1月27日の出張の際に利用させてもらいました。当初GoToキャンペーンで安くなっているので予約したのですが、知らないうちに正規料金に変更になっていました。一度キャンセルしてから再度予約をさせていただき格安で宿泊することが出来ました。キャンペーンが適用されなくなった際に連絡いただけると親切かなと思いました。,この度はアパホテル〈渋谷道玄坂上〉にご宿泊いただき、誠にありがとうございます。今回のご滞在に関してご満足いただけたご様子を伺え、スタッフ一同嬉しく思っております。またご指摘頂きありがとうございます。今回のことを従業員と共有しサービスの向上に努力して参ります。この度はお忙しい中貴重な意見を頂きありがとうございました。フロント　松本,【創業50周年記念第2弾・室数限定・素泊まり】,【□禁煙室□シングル】
アパホテル＜渋谷道玄坂上＞,138039,投稿者,,,https://review.travel.rakuten.co.jp/hotel/voice/138039/17869082?f_time=&f_keyword=&f_age=0&f_sex=0&f_mem1=0&f_mem2=0&f_mem3=0&f_mem4=0&f_mem5=0&f_teikei=&f_static=1&f_point=0&f_sort=0&f_next=0&f_offset=15,,2021-01-28 21:42:29,2021月01月,3,3,5,2,3,1,-,,立地は大変満足です。ただ部屋が枕元に髪はあるわ浴槽に、トイレの裏にと髪の毛はあるわあるわ…目に着くところは綺麗に清掃して欲しいですね。特に枕元に髪は不快でした。そしてベッドシーツや枕カバーが破れているのを使用しているのにも驚きました。清掃の件は他の方も書いていて改善しますの回答があるのに…今回の部屋、すごく残念でした。改善されてないのでしょうね。,この度はアパホテル〈渋谷道玄坂上〉をご利用頂き誠にありがとうございます。滞在中にも関わらずご指摘ありがとうございます。この件につきましてはお部屋の担当スタッフへ直接指導とともに従業員全体へ共有させていただきます。この度は数あるホテルの中から当館をお選びいただいたにも関わらず、ご不快な思いをさせてしまったこと重ねてお詫び申し上げます。重く受け止め再発防止に務めさせていただきます。フロント　武井,【創業50周年記念第2弾・室数限定・素泊まり】,【□禁煙室□シングル】
アパホテル＜渋谷道玄坂上＞,138039,投稿者,,,https://review.travel.rakuten.co.jp/hotel/voice/138039/17860071?f_time=&f_keyword=&f_age=0&f_sex=0&f_mem1=0&f_mem2=0&f_mem3=0&f_mem4=0&f_mem5=0&f_teikei=&f_static=1&f_point=0&f_sort=0&f_next=0&f_offset=16,,2021-01-22 19:52:03,2021月01月,5,4,2,5,5,4,4,,フロントの身だしなみ、対応のスマートさ、部屋の雰囲気、綺麗さ、アメニティグッズなど満足度は１００天中８８点で、とってもリーズナブルなホテル、価格相対費がかなり良いと言える。ビジネスでの出張時には、また利用したい。,この度はアパホテル〈渋谷道玄坂上〉をご利用頂き誠にありがとうございます。お褒めの言葉をいただきスタッフ一同大変嬉しく思っております。次回ご宿泊の際にはよりお客様に満足頂けるよう努めて参ります。この度はお忙しい中貴重な意見を頂き誠にありがとうございました。フロント　武井,【創業50周年記念第2弾・室数限定・素泊まり】,【□禁煙室□セミダブル】
アパホテル＜渋谷道玄坂上＞,138039,投稿者,,,https://review.travel.rakuten.co.jp/hotel/voice/138039/17854486?f_time=&f_keyword=&f_age=0&f_sex=0&f_mem1=0&f_mem2=0&f_mem3=0&f_mem4=0&f_mem5=0&f_teikei=&f_static=1&f_point=0&f_sort=0&f_next=0&f_offset=17,,2021-01-19 07:31:39,2021月01月,1,1,3,1,-,-,-,,清掃が全く行き届いておらず度々不快。814号室です。・洗面所天井に髪の毛の付着(床の髪の毛を全て掃除しろとは言いませんが、白い天井の黒い髪の毛を気付かないことがありますか？)・浴室の髪の毛・室内壁(姿見の下部)壁の汚れおそらく溶剤で拭けば落ちるレベル・ゴミ箱を移動したらその間から先客のゴミプロの仕事をしてください。,この度はアパホテル〈渋谷道玄坂上〉をご利用頂き誠にありがとうございます。お部屋の清掃に至らない点があり誠に申し訳ございませんでした。ご指摘いただいた箇所をフロントスタッフと清掃スタッフで共有致しました。今後は全ての清掃スタッフに清掃方法を再確認し、再発防止に努めて参ります。この度は数あるホテルの中から当館をお選びいただいたにも関わらず、ご不快な思いをさせてしまったこと重ねてお詫び申し上げます。フロント　松本,【創業50周年記念第2弾・室数限定・素泊まり】,【□禁煙室□シングル】
アパホテル＜渋谷道玄坂上＞,138039,投稿者,,,https://review.travel.rakuten.co.jp/hotel/voice/138039/17831992?f_time=&f_keyword=&f_age=0&f_sex=0&f_mem1=0&f_mem2=0&f_mem3=0&f_mem4=0&f_mem5=0&f_teikei=&f_static=1&f_point=0&f_sort=0&f_next=0&f_offset=18,,2021-01-05 18:17:00,2020月12月,4,3,4,4,3,-,-,,予定より、随分早くチェックインしたのですが、丁寧な対応でした。,この度はアパホテル〈渋谷道玄坂上〉をご利用頂き誠にありがとうございます。お褒めの言葉を頂きスタッフ一同大変嬉しく思っております。今後もより一層お客様にご満足頂けるホテルを目指し精進してまいります。この度はお忙しい中ご投稿いただいたこと重ねてお礼申し上げます。お客様のまたのご利用をお待ち致しております。フロント　松本,【創業50周年記念第2弾・室数限定・素泊まり】,【□禁煙室□シングル】
アパホテル＜渋谷道玄坂上＞,138039,投稿者,,,https://review.travel.rakuten.co.jp/hotel/voice/138039/17829511?f_time=&f_keyword=&f_age=0&f_sex=0&f_mem1=0&f_mem2=0&f_mem3=0&f_mem4=0&f_mem5=0&f_teikei=&f_static=1&f_point=0&f_sort=0&f_next=0&f_offset=19,,2021-01-04 18:49:10,2020月12月,5,5,5,5,5,5,-,,2020年12月29日に宿泊しました。渋谷で買い物をして、ホテルまで徒歩で行くことができ助かりました。部屋もキレイでお風呂も丸みがあり入りやすかったです。特に歯ブラシが気に入り持ち帰って使っています。,この度はアパホテル〈渋谷道玄坂上〉をご利用頂き誠にありがとうございます。お客様の仰る通り、当館は渋谷駅から徒歩8分と好立地にあり、ショッピングやレジャーでのご利用で大変ご好評をいただいております。今後もより一層お客様にご満足頂けるホテルを目指し精進してまいります。また、お近くに来られる際は是非当館をご利用くださいませ。フロント　松本,【楽天スーパーSALE】5％OFF【素泊まり】渋谷駅から徒歩圏内のアパホテル【Wi-Fi全室無料】,【□禁煙室□セミダブル】
アパホテル＜渋谷道玄坂上＞,138039,投稿者,,,https://review.travel.rakuten.co.jp/hotel/voice/138039/17829480?f_time=&f_keyword=&f_age=0&f_sex=0&f_mem1=0&f_mem2=0&f_mem3=0&f_mem4=0&f_mem5=0&f_teikei=&f_static=1&f_point=0&f_sort=0&f_next=0&f_offset=20,,2021-01-04 18:36:26,2020月12月,1,2,3,3,3,2,-,,・エレベーターが一つしかないため、下の階の人は上から降りてくる、他の宿泊客でいっぱいのため2、3回ほど乗るのを見送らないといけなくて、4階から降りるのに10分15分待たされることが多々ありました。昨・年末年始も同じ体験をしました。階段も非常時しか使えないためホテルからどうやって出ればいいのでしょうか？(他の宿泊客の問題ですが、奥から詰めて乗らない人が多すぎるため乗るのを躊躇してしまう。このご時世、ソーシャルディスタンス的な意味合いで)・チェックアウトは11時迄のはずなのに、清掃スタッフが9時や10時とかにノックしてドアを開けてきて強引にでも掃除、シーツ等の取り替えをしようとしてきます。また連泊中でも、11時より前にノックしてきたり、ドアを勝手に開けられたりと、、。11時から15時までの間に部屋の整備・清掃をしないといけないのでは？早朝から清掃スタッフ間の廊下での会話が鳴り止まず、うるさいです。(清掃スタッフは外国人だから教育が行き届いてないのか文化を理解してないのか。どちらかだと思われますが。)もう2度と泊まらないとまではいいませんが、次のレジャー以降は他のホテルに泊まることを検討します。,この度はアパホテル〈渋谷道玄坂上〉にご宿泊いただき誠にありがとうございました。また今回のご宿泊につきまして、貴重なお時間の中数々のご指摘をいただきましたこと、重ねて御礼申し上げます。まずエレベーターについてでございますが、おっしゃる通り当館にはエレベーターが1基しかございませんので、特にチェックアウトの時間帯となる11時前後は非常に混み合ってしまいます。混雑状況次第ではございますが、各フロア2号室と3号室側にございます非常階段をご利用いただける旨、館内放送でご案内させていただくことがございますが、当日はお客様に告知が出来ず申し訳ございませんでした。お客様にはご迷惑をおかけしてしまいますが、何卒ご理解の程いただけますと恐縮でございます。またご指摘いただいた清掃状況については、ご投稿いただいた日から継続して清掃スタッフとミーティングを行い、何故このようなご指摘をお客様よりいただくこととなってしまったのか、意見を交わしております。メイドにつきましても通訳スタッフを交えお客様からいただいたお言葉を直接伝え、今後二度とお客様に同様のご意見をいただくことがないよう全力で努めてまいります。せっかく本年もお泊まりいただいたにも関わらず、お客様に満足していただくことができなかったことを心からお詫びするとともに、いただいたご指摘を真摯に捉え、再発防止策をフロントスタッフ、並びに清掃スタッフでしっかりと話し合い、お客様に一層快適にご宿泊いただけるよう邁進してまいりますので、今後ともご利用いただけますと幸いです。貴重なご意見、誠にありがとうございました。フロント　武智,【新春セール】【素泊まり】渋谷駅から徒歩圏内のアパホテル！【Wi-Fi全室無料】,【■喫煙可■シングル】
アパホテル＜渋谷道玄坂上＞,138039,投稿者,,,https://review.travel.rakuten.co.jp/hotel/voice/138039/17826156?f_time=&f_keyword=&f_age=0&f_sex=0&f_mem1=0&f_mem2=0&f_mem3=0&f_mem4=0&f_mem5=0&f_teikei=&f_static=1&f_point=0&f_sort=0&f_next=20&f_offset=1,,2021-01-03 15:11:19,2021月01月,3,4,3,3,4,3,3,,施設自体には不満はないが、チェックアウト直前の午前10時過ぎにドアがふいにあけられることがあった。施設にといあわせたところ、清掃スタッフのまちがいではないとのことだが、だとしたら、客ということになる。他人が宿泊している部屋のドアをぶしつけにあけられるような客がでいりしているのは、ホテルとしては問題外で、論外。客層に問題があると言える。,この度はアパホテル〈渋谷道玄坂上〉にご宿泊いただき、誠にありがとうございます。今回お客様にご指摘いただいた点につきましては、別途ご連絡もさせていただきましたがドアの開錠履歴等継続して調べさせていただいております。清掃スタッフへのヒアリングも行っている次第ではございますが、お客様にはご迷惑をおかけしてしまい、大変申し訳ございませんでした。この場をお借りし、改めてお詫び申し上げます。2021年度となり早速ご宿泊いただいたのですが、このような事態となったこと不徳の致すところでございます。これに懲りずまたご宿泊いただけますと幸いでございます。お忙しい中貴重なご意見をありがとうございました。フロント　武智,【創業50周年記念第2弾・室数限定・素泊まり】,【□禁煙室□シングル】
アパホテル＜渋谷道玄坂上＞,138039,節約鬼嫁,30代,女性,https://review.travel.rakuten.co.jp/hotel/voice/138039/17817448?f_time=&f_keyword=&f_age=0&f_sex=0&f_mem1=0&f_mem2=0&f_mem3=0&f_mem4=0&f_mem5=0&f_teikei=&f_static=1&f_point=0&f_sort=0&f_next=20&f_offset=2,,2020-12-30 17:29:11,2020月12月,4,4,5,4,5,3,-,,立地も良く、部屋も良かったです。また東京行く時は利用させて頂きます。,この度はアパホテル〈渋谷道玄坂上〉にご宿泊いただき、誠にありがとうございます。当館は渋谷駅（ハチ公口）から徒歩8分の立地にあり、中心地の喧騒からは離れ、落ち着いた雰囲気の中ご滞在頂けたかと存じます。また、お部屋はコンパクトながらも、大画面でお楽しみ頂けるテレビや高品質のアメニティを設置しております。お客様にご満足して頂くことができ、大変嬉しく思います。この度はお忙しい中貴重なご意見を頂きありがとうございます。また東京にお越しの際は是非当館にお立ち寄りくださいませ。フロント　樋口,【素泊まり】渋谷駅から徒歩圏内のアパホテル！道玄坂に面したアクセス抜群の立地！【Wi-Fi全室無料】,【□禁煙室□ダブル】
アパホテル＜渋谷道玄坂上＞,138039,新保佳太郎,40代,男性,https://review.travel.rakuten.co.jp/hotel/voice/138039/17799626?f_time=&f_keyword=&f_age=0&f_sex=0&f_mem1=0&f_mem2=0&f_mem3=0&f_mem4=0&f_mem5=0&f_teikei=&f_static=1&f_point=0&f_sort=0&f_next=20&f_offset=3,,2020-12-23 18:42:59,2020月12月,5,5,5,5,5,-,-,,初めて利用しました。元々の金額が4000円からGOTOで、1600円になり、こんな金額でこの部屋に泊まれるのかと、大変満足でした。,この度はアパホテル〈渋谷道玄坂上〉にご宿泊いただき、誠にありがとうございます。今回のご滞在に関してご満足いただけたようで、スタッフ一同大変嬉しく思っております。今後もお客様に快適にご滞在していただけますよう精進してまいります。またのご利用を心よりお待ち申し上げております。フロント　鶴井,【創業50周年記念第2弾・室数限定・素泊まり】,【□禁煙室□シングル】
アパホテル＜渋谷道玄坂上＞,138039,投稿者,,,https://review.travel.rakuten.co.jp/hotel/voice/138039/17796166?f_time=&f_keyword=&f_age=0&f_sex=0&f_mem1=0&f_mem2=0&f_mem3=0&f_mem4=0&f_mem5=0&f_teikei=&f_static=1&f_point=0&f_sort=0&f_next=20&f_offset=4,,2020-12-22 17:13:28,2020月12月,3,3,4,3,2,-,-,,普通のアパホテル。説明文にアメニティが充実しているかのような記載があったので、それなら化粧水・乳液程度は置いてほしいと思った。,この度はアパホテル〈渋谷道玄坂上〉にご宿泊頂きまして誠にありがとうございます。アメニティに関しましてお客様のご期待に添えることができず大変申し訳ございませんでした。当館ではタオルのほかに歯ブラシ、シェーバー、ヘアブラシ、ヘアゴム、綿棒、コットン、ヘアキャップ、ボディタオルなどのご用意がございますが、あいにく化粧水や乳液等の設置がございません。ご不便をおかけしてしまい申し訳ございません。今後ご宿泊頂くお客様の満足度向上の為にもお客様より頂いた貴重なご意見として頂戴致します。この度はお忙しい中ご投稿をいただきまして誠にありがとうございました。,【素泊まり】渋谷駅から徒歩圏内のアパホテル！道玄坂に面したアクセス抜群の立地！【Wi-Fi全室無料】,【□禁煙室□ダブル】
アパホテル＜渋谷道玄坂上＞,138039,投稿者,,,https://review.travel.rakuten.co.jp/hotel/voice/138039/17762988?f_time=&f_keyword=&f_age=0&f_sex=0&f_mem1=0&f_mem2=0&f_mem3=0&f_mem4=0&f_mem5=0&f_teikei=&f_static=1&f_point=0&f_sort=0&f_next=20&f_offset=5,,2020-12-13 01:25:28,2020月12月,3,3,3,3,2,3,-,,部屋に置いてあるガウンが変な匂いがしてとても着てられなかった。今までの他のホテルでは全くそんなこと感じたこともなかったが、どうやったらあんな匂いがつくんだろうか？連泊したが、初日はミネラルウォーターは置いてなかったが、翌日清掃後に部屋に入ると置いてあった。水は備え付けなのかな？だとしたらなぜ初日は置いてなかったんだろうか。WifiのIDとPASSがTVをつけた最初の画面にしか記載されてなくて、その旨の説明もなかったので、分からなかった。結局内線で聞いたけどモニターつけなくても分かるようにどこかに記載あった方が親切じゃないかなと感じた。まぁ、普通のホテルです。,この度はアパホテル〈渋谷道玄坂上〉にご宿泊いただきまして誠にありがとうございます。ガウンに関しましてお客様に大変ご不便、ご不快な思いをさせてしまい誠に申し訳ございませんでした。今後二度とそのようなことがないよう清掃員にも共有させていただき清掃徹底に努めてまいります。また、アパホテルではチェックイン当日はお部屋への設置はしておりません。連泊時の客室清掃について、申し出がない場合、ベッドリネン3点（シーツ・デュベカバー〈布団カバー〉・枕カバー）のみ、同じものを使用してベッドメイキングいたしております。客室清掃をはじめ、 タオル・歯ブラシ等のアメニティの交換は通常通り行っており、感謝の気持ちを込めましてミネラルウォーターを進呈させていただいております。Wi-FiのIDとパスワードに関しましてもお客様にご不便な思いをさせてしまい大変申し訳ございませんでした。お客様のご意見を参考に、ご宿泊いただくお客様皆様にわかりやすいよう改善策を考え取り組んでまいります。この度はお忙しい中貴重なご意見をいただき誠にありがとうございました。フロント　引本,【秋冬旅セール】渋谷駅から徒歩圏内のアパホテル！道玄坂に面したアクセス抜群の立地！,【□禁煙室□シングル】
アパホテル＜渋谷道玄坂上＞,138039,fujiyamatom,50代,男性,https://review.travel.rakuten.co.jp/hotel/voice/138039/17741518?f_time=&f_keyword=&f_age=0&f_sex=0&f_mem1=0&f_mem2=0&f_mem3=0&f_mem4=0&f_mem5=0&f_teikei=&f_static=1&f_point=0&f_sort=0&f_next=20&f_offset=6,,2020-12-07 10:55:57,2020月12月,4,5,3,4,4,-,-,,初めての宿泊です。駅からちょっと歩きましたが、周辺にコンビニやカフェもあるので便利でした。フロントスタッフの対応がよかったので、気持ちよく宿泊できました。,この度はアパホテル〈渋谷道玄坂上〉にご宿泊頂きまして誠にありがとうございます。当館は渋谷駅（ハチ公口）から徒歩8分の立地にございまして、繁華街からは少々距離がありますが、その分喧騒からも離れており落ち着いた雰囲気の中ご滞在頂けたかと存じます。また、当館の接客応対に関しましてお褒めの言葉をいただき嬉しく思います。快適にお過ごしいただたようで何よりでございます。またご機会がございましたら当館をご利用いただけると幸いでございます。お客様のまたのご来館をスタッフ一同心よりお待ち申し上げております。フロント　引本,【楽天スーパーSALE】5％OFF【素泊まり】渋谷駅から徒歩圏内のアパホテル【Wi-Fi全室無料】,【□禁煙室□シングル】
アパホテル＜渋谷道玄坂上＞,138039,投稿者,,,https://review.travel.rakuten.co.jp/hotel/voice/138039/17722858?f_time=&f_keyword=&f_age=0&f_sex=0&f_mem1=0&f_mem2=0&f_mem3=0&f_mem4=0&f_mem5=0&f_teikei=&f_static=1&f_point=0&f_sort=0&f_next=20&f_offset=7,,2020-12-02 17:22:55,2020月12月,4,4,5,3,3,3,-,,部屋に充電器があるともっと助かります,この度はアパホテル〈渋谷道玄坂上〉にご宿泊頂きまして誠にありがとうございます。お客様の仰る通り、当館にはお部屋に充電器の設置がございません。ご不便おかけして大変申し訳ございません。また、当館には在庫に限りはございますが携帯の充電器のお貸出しを行っております。次回ご来館の際はぜひフロントまでお申し付けくださいませ。お客様のまたのご来館をスタッフ一同心よりお待ち申し上げております。フロント　引本,【秋冬旅セール】渋谷駅から徒歩圏内のアパホテル！道玄坂に面したアクセス抜群の立地！,【■喫煙可■シングル】
アパホテル＜渋谷道玄坂上＞,138039,投稿者,,,https://review.travel.rakuten.co.jp/hotel/voice/138039/17722849?f_time=&f_keyword=&f_age=0&f_sex=0&f_mem1=0&f_mem2=0&f_mem3=0&f_mem4=0&f_mem5=0&f_teikei=&f_static=1&f_point=0&f_sort=0&f_next=20&f_offset=8,,2020-12-02 17:22:10,2020月11月,4,4,5,4,3,3,-,,立地が良かったです,この度はアパホテル〈渋谷道玄坂上〉にご宿泊いただきまして誠にありがとうございます。当館の立地に関しましてお褒めの言葉をいただき嬉しく思います。当館は渋谷駅ハチ公口から出て、道玄坂を約10分ほど上りきっていただいた場所にございます。渋谷の中心地や駅等に近くありながら、比較的静かにお過ごしいただけるかと存じますので、多くのお客様から立地に関するお褒めのお言葉を頂戴しております。 また機会がございましたら当館をご利用頂ければ幸いでございます。お客様のまたのご来館をスタッフ一同心よりお待ち申し上げております。フロント　引本,【秋冬旅セール】渋谷駅から徒歩圏内のアパホテル！道玄坂に面したアクセス抜群の立地！,【■喫煙可■シングル】
アパホテル＜渋谷道玄坂上＞,138039,ちゅうた4649,40代,男性,https://review.travel.rakuten.co.jp/hotel/voice/138039/17712269?f_time=&f_keyword=&f_age=0&f_sex=0&f_mem1=0&f_mem2=0&f_mem3=0&f_mem4=0&f_mem5=0&f_teikei=&f_static=1&f_point=0&f_sort=0&f_next=20&f_offset=9,,2020-11-30 14:09:15,2020月11月,2,3,4,3,4,1,-,,バスルームのカーテンが臭かった。ベッドの照明スイッチが取れていた。廊下の話し声が結構聞こえる。,この度はアパホテル〈渋谷道玄坂上〉にご宿泊頂きまして誠にありがとうございます。数あるホテルの中から折角当館をお選び頂いたにも関わらず、お客様にご不快な思いをさせてしまいましたこと大変心苦しく思います。シャワーカーテン、照明スイッチに関しては、お部屋を確認させて頂き、交換の対応をさせて頂きます。ご指摘頂きありがとうございます。また、廊下の話し声に関しては、当館の吹抜けという構造上、お客様同士の会話等が少々響きやすい環境ではございます。フロントスタッフ及び清掃スタッフに関しては、お客様のご滞在の妨げにならないよう注意を払っておりますが、ご指摘を真摯に受け止め、再度気を引き締めて参ります。この度はお忙しい中、貴重なご意見を頂き誠にありがとうございます。フロント　樋口,【秋冬旅セール】渋谷駅から徒歩圏内のアパホテル！道玄坂に面したアクセス抜群の立地！,【□禁煙室□シングル】
アパホテル＜渋谷道玄坂上＞,138039,投稿者,,,https://review.travel.rakuten.co.jp/hotel/voice/138039/17708595?f_time=&f_keyword=&f_age=0&f_sex=0&f_mem1=0&f_mem2=0&f_mem3=0&f_mem4=0&f_mem5=0&f_teikei=&f_static=1&f_point=0&f_sort=0&f_next=20&f_offset=10,,2020-11-29 18:44:08,2020月10月,5,4,4,5,5,4,-,,アパホテルさんは安心して宿泊できるホテルですが、チェックインの際にフロントでかなり待たされたのが少し残念でした。,この度はアパホテル〈渋谷道玄坂上〉にご宿泊頂き誠にありがとうございます。アプリチェックイン専用機の導入を行い、スムーズなチェックインのご案内に努めておりますが、当日お待たせをしてしまったこと、誠に申し訳ありません。またアパホテルについてのお褒めの言葉を頂き大変嬉しく思います。今後ともスタッフ一同サービスの向上を目指し、お客様にお選び頂けるホテルを目指して参ります。この度はお忙しい中貴重なご投稿をいただきありがとうございました。お客様のまたのご来館をスタッフ一同心よりお待ち申し上げております。フロント　松本,【秋冬旅セール】渋谷駅から徒歩圏内のアパホテル！道玄坂に面したアクセス抜群の立地！,【□禁煙室□シングル】
アパホテル＜渋谷道玄坂上＞,138039,ユースケ1028,20代,男性,https://review.travel.rakuten.co.jp/hotel/voice/138039/17689416?f_time=&f_keyword=&f_age=0&f_sex=0&f_mem1=0&f_mem2=0&f_mem3=0&f_mem4=0&f_mem5=0&f_teikei=&f_static=1&f_point=0&f_sort=0&f_next=20&f_offset=11,,2020-11-25 19:30:13,2020月11月,5,5,4,5,5,4,-,,11月19日に宿泊しました。部屋はとても綺麗でネット環境も整っており大満足でした。,この度はアパホテル〈渋谷道玄坂上〉にご宿泊頂きまして誠にありがとうございます。当館のお部屋の清潔面とネット環境にお褒めの言葉をいただき大変嬉しく思います。今後もご宿泊頂くすべてのお客様にお褒めの言葉を頂戴できるよう清掃スタッフと協力し努めてまいります。Wi－Fiに関しましてもスムーズな操作環境でご利用いただけたようでうれしく思います。この度はお忙しい中貴重なご投稿をいただきありがとうございました。お客様のまたのご来館をスタッフ一同心よりお待ち申し上げております。フロント　引本,【秋冬旅セール】渋谷駅から徒歩圏内のアパホテル！道玄坂に面したアクセス抜群の立地！,【□禁煙室□シングル】
アパホテル＜渋谷道玄坂上＞,138039,投稿者,,,https://review.travel.rakuten.co.jp/hotel/voice/138039/17682025?f_time=&f_keyword=&f_age=0&f_sex=0&f_mem1=0&f_mem2=0&f_mem3=0&f_mem4=0&f_mem5=0&f_teikei=&f_static=1&f_point=0&f_sort=0&f_next=20&f_offset=12,,2020-11-24 15:46:07,2020月11月,3,3,2,4,3,3,-,,受付でボールペンを使ったが、一回使った事に消毒してくれないので非常に危険。正直使いたくなかった。渋谷駅から男が普通に歩いて徒歩10分程度と見た方が良い。,この度はアパホテル〈渋谷道玄坂上〉にご宿泊いただき誠にありがとうございます。当館の衛生面に関しまして配慮が足りず大変申し訳ございませんでした。当館では定期的にフロント備品等の消毒を行ってはおりますが、ご利用頂くお客様の感染予防のためにもより一層力を入れて対応を行ってまいります。貴重なご意見ありがとうございました。お客様のご意見を真摯に受け止めスタッフ一同精進してまいります。大変不愉快な思いをおかけいたしましたことを、重ねてお詫び申し上げます。フロント　橋本,【秋冬旅セール】渋谷駅から徒歩圏内のアパホテル！道玄坂に面したアクセス抜群の立地！,【□禁煙室□シングル】
アパホテル＜渋谷道玄坂上＞,138039,投稿者,,,https://review.travel.rakuten.co.jp/hotel/voice/138039/17589717?f_time=&f_keyword=&f_age=0&f_sex=0&f_mem1=0&f_mem2=0&f_mem3=0&f_mem4=0&f_mem5=0&f_teikei=&f_static=1&f_point=0&f_sort=0&f_next=20&f_offset=13,,2020-11-04 15:40:07,2020月11月,5,5,5,5,5,5,-,,立地が非常に良くて前後のスケジュールとも相性が良い旅になりました。,この度は、アパホテル〈渋谷道玄坂上〉にご宿泊いただきまして、誠にありがとうございます。ご滞在中、ご満足いただけたようで安心いたしました。当館は立地にも恵まれ、繁華街へのアクセスは良いものの、少し離れた場所であるため、落ち着いた雰囲気でご滞在できるかと存じます。お客様から再度お選びいただけるホテルを目指し、より一層のサービスの向上に努めて参ります。貴重なお時間でのご投稿、誠にありがとうございます。お客様のまたのご利用、心よりお待ち申し上げます。フロント　依田,【秋冬旅セール】渋谷駅から徒歩圏内のアパホテル！道玄坂に面したアクセス抜群の立地！,【□禁煙室□シングル】
アパホテル＜渋谷道玄坂上＞,138039,投稿者,,,https://review.travel.rakuten.co.jp/hotel/voice/138039/17578143?f_time=&f_keyword=&f_age=0&f_sex=0&f_mem1=0&f_mem2=0&f_mem3=0&f_mem4=0&f_mem5=0&f_teikei=&f_static=1&f_point=0&f_sort=0&f_next=20&f_offset=14,,2020-11-01 15:45:21,2020月10月,3,3,4,2,4,3,-,,夜中に女性の怒鳴り声がしたのと布団と特に枕が臭くて眠れなかったです。窓がなく暗い感じがしました。場所はよく受付の女性の対応がスゴく感じが良かったです。,この度はアパホテル〈渋谷道玄坂上〉にご宿泊いただき、誠にありがとうございます。他のお客様の声や寝具の不備で、おくつろぎの時間を妨げてしまい申し訳ございませんでした。他のお客様の声に関しては、フロントスタッフの館内巡視が不十分だったことが原因だと考えておりますので、今後同じことがないようさらに力を入れて行っていきたいと思います。また、寝具に関しては清掃スタッフとも情報を共有し、快適にお休みいただけるよう改善策を練ってまいります。スタッフの説明が不十分だったため、客室の窓をご利用いただけなかったこと、大変申し訳なく思っております。次回ご宿泊いただいた際にご不明な点がございましたら、ご遠慮なくフロントまでお問い合わせくださいませ。フロントスタッフへのお褒めの言葉をいただき、大変嬉しく思っております。しかし、今回ご指摘いただいたように至らない部分も多々ございますので、今後も精進してまいります。お客様のまたのご利用を心よりお待ちしております。フロント　鶴井,【秋冬旅セール】【朝食付】ホテル2階のコメダ珈琲店でモーニングセット！,【□禁煙室□シングル】
アパホテル＜渋谷道玄坂上＞,138039,投稿者,,,https://review.travel.rakuten.co.jp/hotel/voice/138039/17563124?f_time=&f_keyword=&f_age=0&f_sex=0&f_mem1=0&f_mem2=0&f_mem3=0&f_mem4=0&f_mem5=0&f_teikei=&f_static=1&f_point=0&f_sort=0&f_next=20&f_offset=15,,2020-10-27 09:54:54,2020月10月,4,4,4,4,3,3,3,,大浴場があれば最高,この度はアパホテル〈渋谷道玄坂上〉にご宿泊いただきまして誠にありがとうございます。大浴場でございますが、当館にはご用意がなく、お客様の期待にお答えすることができず申し訳ございませんでした。客室の浴室はコンパクトな造りではございますが定量止水栓の蛇口や卵型バスタブ等エコに配慮した工夫がございます。また、大浴場以外に関しましてご満足して頂けたようで大変嬉しく思います。またぜひご機会がございましたら当館をご利用くださいませ。お客様のまたのご宿泊をスタッフ一同心よりお待ち申し上げております。フロント　引本,【秋冬旅セール】渋谷駅から徒歩圏内のアパホテル！道玄坂に面したアクセス抜群の立地！,【□禁煙室□シングル】
アパホテル＜渋谷道玄坂上＞,138039,投稿者,,,https://review.travel.rakuten.co.jp/hotel/voice/138039/17563121?f_time=&f_keyword=&f_age=0&f_sex=0&f_mem1=0&f_mem2=0&f_mem3=0&f_mem4=0&f_mem5=0&f_teikei=&f_static=1&f_point=0&f_sort=0&f_next=20&f_offset=16,,2020-10-27 09:53:50,2020月10月,4,3,5,3,3,3,3,,近くに何でもありよかった,この度はアパホテル〈渋谷道玄坂上〉にご宿泊頂きまして誠にありがとうございます。当館の立地にご満足いただけたようで大変嬉しく思います。渋谷駅から徒歩8分という場所に位置しているため、飲食店が多く便利にご利用いただけたかと存じます。またご機会がございましたら当館をご利用頂いたければ幸いでございます。お忙しい中ご投稿誠にありがとうございました。お客様のまたのご宿泊をスタッフ一同心よりお待ち申し上げております。フロント　引本,【秋冬旅セール】渋谷駅から徒歩圏内のアパホテル！道玄坂に面したアクセス抜群の立地！,【□禁煙室□シングル】
アパホテル＜渋谷道玄坂上＞,138039,えべす☆,40代,男性,https://review.travel.rakuten.co.jp/hotel/voice/138039/17563119?f_time=&f_keyword=&f_age=0&f_sex=0&f_mem1=0&f_mem2=0&f_mem3=0&f_mem4=0&f_mem5=0&f_teikei=&f_static=1&f_point=0&f_sort=0&f_next=20&f_offset=17,,2020-10-27 09:52:28,2020月10月,4,3,4,3,3,2,3,,10月25日宿泊しました。立地もよくてまた利用しようとおもいます・,この度はアパホテル〈渋谷道玄坂上〉のご宿泊いただきまして誠にありがとうございます。当館の立地にご満足いただけたようで大変嬉しく思います。渋谷駅から徒歩8分という場所に位置しているため、便利にご利用いただけたかと存じます。またご機会がございましたらご宿泊頂けると幸いでございます。お客様のまたのご宿泊をスタッフ一同心よりお待ち申し上げております。フロント　引本,【秋冬旅セール】渋谷駅から徒歩圏内のアパホテル！道玄坂に面したアクセス抜群の立地！,【□禁煙室□シングル】
アパホテル＜渋谷道玄坂上＞,138039,零弐団暁組☆組長☆かんな☆,30代,女性,https://review.travel.rakuten.co.jp/hotel/voice/138039/17557776?f_time=&f_keyword=&f_age=0&f_sex=0&f_mem1=0&f_mem2=0&f_mem3=0&f_mem4=0&f_mem5=0&f_teikei=&f_static=1&f_point=0&f_sort=0&f_next=20&f_offset=18,,2020-10-25 19:59:43,2020月10月,5,5,4,5,5,5,-,,道玄坂にある渋谷O-EASTでのライブに行くときに利用しました。坂の上で、少し駅からは歩きますが、会場からとても近くGOTOトラベルの対象になっていたのでとてもお得でした。チェックインが遅くなったにも関わらず丁寧に対応していただけ、24時間出入り自由なのもとてもありがたかったです。近くにコンビニがあるのもいいですね！GOTOトラベル期間中にまた泊まりに行きたいと思っていますのでそのときはまたよろしくお願いします。,この度はアパホテル〈渋谷道玄坂上〉にご宿泊いただき誠にありがとうございます。お客様から立地や接客面に関しましてお褒めの言葉を頂戴することができ、大変嬉しく感じております。渋谷という大都会の中でも少し外れた閑静な場所にある為、便利であるうえに夜は静かにお休みいただけます。また、接客面に関しましても満足することなく、スタッフ一同高みを目指して日々精進してまいります。お忙しい中口コミのご投稿ありがとうございました。またのご来館をスタッフ一同心よりお待ち致しております。フロント　橋本,【秋冬旅セール】渋谷駅から徒歩圏内のアパホテル！道玄坂に面したアクセス抜群の立地！,【□禁煙室□シングル】
アパホテル＜渋谷道玄坂上＞,138039,投稿者,,,https://review.travel.rakuten.co.jp/hotel/voice/138039/17533419?f_time=&f_keyword=&f_age=0&f_sex=0&f_mem1=0&f_mem2=0&f_mem3=0&f_mem4=0&f_mem5=0&f_teikei=&f_static=1&f_point=0&f_sort=0&f_next=20&f_offset=19,,2020-10-18 17:21:38,2020月10月,4,4,4,4,5,3,-,,滞在時間が長くてもVODのおかげで快適に過ごすことが出来ました。部屋もキレイだったので何も不満なとこは無かった。,この度はアパホテル〈渋谷道玄坂上〉にご宿泊頂き誠にありがとうございます。満足のいくご宿泊を過ごされたようで大変嬉しく感じております。当館は全部屋42型のテレビを備え付けしております。大きな画面での迫力ある映像はいかがだったでしょうか。是非次回お泊りの際もご利用くださいませ。お忙しい中貴重なご意見ありがとうございました。またのご来館をスタッフ一同心よりお待ち致しております。フロント　橋本,【VOD付】162タイトル以上の映画が見放題！大画面で大迫力のルームシアター付プラン！,【□禁煙室□シングル】
アパホテル＜渋谷道玄坂上＞,138039,投稿者,,,https://review.travel.rakuten.co.jp/hotel/voice/138039/17529002?f_time=&f_keyword=&f_age=0&f_sex=0&f_mem1=0&f_mem2=0&f_mem3=0&f_mem4=0&f_mem5=0&f_teikei=&f_static=1&f_point=0&f_sort=0&f_next=20&f_offset=20,,2020-10-17 16:48:01,2020月10月,4,4,3,3,2,3,-,,女性二人で泊まりました。化粧水、乳液があると良かったです。フロントの対応はとても良かったです,この度はアパホテル〈渋谷道玄坂上〉にご宿泊頂きまして誠にありがとうございます。フロントスタッフの対応に関してお褒めの言葉を頂き大変嬉しく思います。今後もスタッフ一同、お褒めの言葉に甘んじることなく、よりお客様に快適にお過ごし頂けるよう、サービス向上に努めて参る所存でございます。また、化粧水等に関しましては、生憎ではございますが当館ではご用意が無い状況でございます。浴室に備え付けのハンドソープは洗顔料としてもお使い頂けます。この度は貴重なご意見誠にありがとうございました。また機会がございましたら是非当館にお立ち寄りくださいませ。フロント　樋口,【秋冬旅セール】渋谷駅から徒歩圏内のアパホテル！道玄坂に面したアクセス抜群の立地！,【□禁煙室□セミダブル】
アパホテル＜渋谷道玄坂上＞,138039,kazkym1968,50代,男性,https://review.travel.rakuten.co.jp/hotel/voice/138039/17507802?f_time=&f_keyword=&f_age=0&f_sex=0&f_mem1=0&f_mem2=0&f_mem3=0&f_mem4=0&f_mem5=0&f_teikei=&f_static=1&f_point=0&f_sort=0&f_next=40&f_offset=1,,2020-10-12 09:11:59,2020月10月,4,3,5,4,4,3,-,,部屋は小さめですが、立地は抜群でした。,この度はアパホテル〈渋谷道玄坂上〉にご宿泊頂きまして誠にありがとうございます。当館の立地にご満足頂けたようで大変嬉しく思います。渋谷駅から徒歩8分という場所に位置しているため、便利にご利用いただけたかと存じます。  アパホテルでは、「新都市型ホテル」というコンセプトを基に、高機能でありながらも環境に配慮した、コンパクトなお部屋をご提供しております。	貴重なお時間でのご投稿、誠にありがとうございます。お客様からお選びいただけるホテルを目指し、今後一層スタッフ一同精進して参ります。またのご利用、心よりお待ちしております。フロント　松本,【秋冬旅セール】渋谷駅から徒歩圏内のアパホテル！道玄坂に面したアクセス抜群の立地！,【□禁煙室□シングル】
アパホテル＜渋谷道玄坂上＞,138039,投稿者,,,https://review.travel.rakuten.co.jp/hotel/voice/138039/17503384?f_time=&f_keyword=&f_age=0&f_sex=0&f_mem1=0&f_mem2=0&f_mem3=0&f_mem4=0&f_mem5=0&f_teikei=&f_static=1&f_point=0&f_sort=0&f_next=40&f_offset=2,,2020-10-11 07:23:37,2020月10月,4,4,4,4,4,3,-,,母と宿泊しました。フロントの男性の対応がとても良かったです。セミダブルからダブルへのランクアップも嬉しかったです。お部屋が暑かったことが残念でしたが、それ以外は満足です。立地も良いので、機会があればリピしたいと思います。ありがとうございました！！,この度はアパホテル〈渋谷道玄坂上〉にご宿泊いただきまして誠にありがとうございます。スタッフの接客に関しましてお褒めの言葉を頂き大変嬉しく思います。お部屋のアップグレードに関しても喜んでいただき嬉しい限りでございます。今後もお客様のご期待に添えるよう精進してまいります。しかしながら、お部屋の空調に関しましてご不便をおかけしてしまい、申し訳ございませんでした。在庫に限りはございますが、空気清浄機のお貸し出し等可能でございますのでもし次回ご利用頂ける際はよろしければフロントまでお申し付けくださいませ。お客様のまたのご利用をスタッフ一同心よりお待ち申し上げております。フロント　引本,【秋冬旅セール】渋谷駅から徒歩圏内のアパホテル！道玄坂に面したアクセス抜群の立地！,【□禁煙室□セミダブル】
アパホテル＜渋谷道玄坂上＞,138039,投稿者,,,https://review.travel.rakuten.co.jp/hotel/voice/138039/17501962?f_time=&f_keyword=&f_age=0&f_sex=0&f_mem1=0&f_mem2=0&f_mem3=0&f_mem4=0&f_mem5=0&f_teikei=&f_static=1&f_point=0&f_sort=0&f_next=40&f_offset=3,,2020-10-10 18:46:53,2020月10月,4,4,4,4,1,4,-,,寒いのに暖房が使えないのは辛ったです。全館冷房設定の季節との事でしたが、最高気温15度の日でした。毛布を貸し出してくれるのは有り難かったですが、カーペットのように固くて重くて驚きました。お部屋は清潔感があり良かったです。,この度はアパホテル〈渋谷道玄坂上〉にご宿泊いただきまして誠にありがとうございます。お部屋の清潔感にお褒めの言葉をいただき嬉しく思います。しかしながら、空調に関してお客様にご不便をおかけしてしまい大変申し訳ございませんでした。お客様の仰る通り、当館は全館一括で空調管理をしておりまして肌寒い気温ではございましたが冷房に設定を致しておりました。また、毛布に関しましてもお客様のご期待にお応えすることができず申し訳ございませんでした。スタッフで共有させていただき、お客様にご不便をおかけしないよう改善に努めて参ります。この度はお忙しい中貴重なご意見をいただきありがとうございました。フロント　引本,【秋冬旅セール】渋谷駅から徒歩圏内のアパホテル！道玄坂に面したアクセス抜群の立地！,【□禁煙室□シングル】
アパホテル＜渋谷道玄坂上＞,138039,投稿者,,,https://review.travel.rakuten.co.jp/hotel/voice/138039/17484152?f_time=&f_keyword=&f_age=0&f_sex=0&f_mem1=0&f_mem2=0&f_mem3=0&f_mem4=0&f_mem5=0&f_teikei=&f_static=1&f_point=0&f_sort=0&f_next=40&f_offset=4,,2020-10-05 22:29:51,2020月10月,4,3,3,4,4,4,-,,少し遠くて道が石畳のため、キャリーを運びにくかった。,この度はアパホテル〈渋谷道玄坂上〉にご宿泊いただき、誠にありがとうございました。当館は渋谷駅から徒歩8分ほどの場所に位置しているため、静かな環境でお休みいただける一方、お手荷物が多い場合はご移動が大変だったかと存じます。お客様のご負担になってしまいますが、ヤマト運輸で元払い・常温の物であれば事前にホテルにお手荷物を送っていただくことも可能でございます。次回以降のご予約時に参考にしていただければ幸いでございます。お客様のまたのご利用を心よりお待ちしております。フロント　鶴井,【秋冬旅セール】渋谷駅から徒歩圏内のアパホテル！道玄坂に面したアクセス抜群の立地！,【□禁煙室□シングル】
アパホテル＜渋谷道玄坂上＞,138039,クアン君,30代,男性,https://review.travel.rakuten.co.jp/hotel/voice/138039/17484012?f_time=&f_keyword=&f_age=0&f_sex=0&f_mem1=0&f_mem2=0&f_mem3=0&f_mem4=0&f_mem5=0&f_teikei=&f_static=1&f_point=0&f_sort=0&f_next=40&f_offset=5,,2020-10-05 21:59:37,2020月10月,4,3,5,4,3,3,3,,清潔感あり、環境は申し分ないです。エレベーターが１台なのが、移動に時間かかるので不満どころかなという感じ。新聞提供あり、フロントを通さなくても出入り自由、かなり過ごしやすい。,この度はアパホテル〈渋谷道玄坂上〉にご宿泊いただき、誠にありがとうございました。今回のご滞在に関しまして、概ねご満足いただけたようで、スタッフ一同大変嬉しく思っております。しかし、お部屋へ向かわれる際や、お出かけの際にご不便をおかけしたこと、大変申し訳なく思っております。コロナウイルス感染症の流行に伴い、お客様同士の密な接触を避けるため、エレベーターのご利用にはさらにお時間がかかってしまったかと存じます。申し訳ございませんでした。貴重なお時間を当館へのご指摘に充てていただき、誠にありがとうございます。お客様のまたのご利用を心よりお待ちしております。フロント　鶴井,【秋冬旅セール】【朝食付】ホテル2階のコメダ珈琲店でモーニングセット！,【□禁煙室□シングル】
アパホテル＜渋谷道玄坂上＞,138039,投稿者,,,https://review.travel.rakuten.co.jp/hotel/voice/138039/17482104?f_time=&f_keyword=&f_age=0&f_sex=0&f_mem1=0&f_mem2=0&f_mem3=0&f_mem4=0&f_mem5=0&f_teikei=&f_static=1&f_point=0&f_sort=0&f_next=40&f_offset=6,,2020-10-05 16:38:58,2020月10月,5,5,4,5,5,4,-,,初めてアパホテルを利用させていただいたのですが、立地、部屋の綺麗さ、サービスどれも期待を下回ることがなく安心して利用できました。ありがとうございました。,この度はアパホテル〈渋谷道玄坂上〉にご宿泊いただき、誠にありがとうございました。お客様のご期待にお応えすることができ、スタッフ一同大変嬉しく思っております。今後も客室やサービスの品質向上に向け、日々努力してまいります。お客様のまたのご利用を心よりお待ちしております。フロント　鶴井,【秋冬旅セール】渋谷駅から徒歩圏内のアパホテル！道玄坂に面したアクセス抜群の立地！,【□禁煙室□セミダブル】
アパホテル＜渋谷道玄坂上＞,138039,投稿者,,,https://review.travel.rakuten.co.jp/hotel/voice/138039/17459925?f_time=&f_keyword=&f_age=0&f_sex=0&f_mem1=0&f_mem2=0&f_mem3=0&f_mem4=0&f_mem5=0&f_teikei=&f_static=1&f_point=0&f_sort=0&f_next=40&f_offset=7,,2020-09-29 00:01:12,2020月09月,3,3,4,3,2,2,-,,立地が良いのでよく利用させてもらってますが、もう少し安いと尚いい。洗面所のコップが紙コップなのがちょっと使いづらいのと、風呂を入れる蛇口と洗面の方の蛇口が一緒なのが嫌。結構高いホテルだから別だったら良かったのに。あとパジャマも浴衣っぽいのじゃなくてボタンのパジャマにしてもらえたらいいのにな。それと枕が低すぎた。,この度はアパホテル〈渋谷道玄坂上〉にご宿泊頂きまして誠にありがとうございます。ユニットバスに設置している紙コップは衛生面の観点から使い捨てのできる物を使用させて頂いております。また蛇口に関しては飲料水としてもお使い頂けるよう浄水機能を搭載したものを設置しておりますが、お客様のご希望に添えることができず、大変心苦しく思います。お部屋の浴衣に関しましてはお客様の期待に答えられるよう貴重なご意見として参考にさせていただきます。枕はAir Relaxという通気性・速乾性に優れており、ベッドとの相性を科学的に検証し、高さをあえて低くすることで、体圧分散に優れた効果を発揮できるものを設置しております。またスタッフにお申し付けて頂ければ在庫に限りはありますが厚手の羽毛枕のお貸し出しも行っております。お客様のご意見を参考にし、これからもお選び頂けるホテルを目指して参ります。またのご利用、心よりお待ちしております。フロント　松本,【秋冬旅セール】渋谷駅から徒歩圏内のアパホテル！道玄坂に面したアクセス抜群の立地！,【□禁煙室□シングル】
アパホテル＜渋谷道玄坂上＞,138039,投稿者,,,https://review.travel.rakuten.co.jp/hotel/voice/138039/17416899?f_time=&f_keyword=&f_age=0&f_sex=0&f_mem1=0&f_mem2=0&f_mem3=0&f_mem4=0&f_mem5=0&f_teikei=&f_static=1&f_point=0&f_sort=0&f_next=40&f_offset=8,,2020-09-18 20:38:14,2020月08月,3,3,5,3,2,3,-,,家のエアコンが壊れ急遽職場に近いホテルに泊まりました。部屋を出るとオープンエアなので暑いのと、夜に非常階段を上る（降りる）音が非常に気になり、２泊宿泊のつもりを短縮しました。立地的には問題ないのでまた使うかもですが。。。。,この度は、アパホテル〈渋谷道玄坂上〉にご宿泊いただきまして、誠にありがとうございます。お客様の仰る通り、3階から14階にかけて吹き抜けの構造となっており、季候の影響を受けやすいかと存じます。ハード面の為、改善は難しい部分ではありますが、いただきました貴重なご意見を今後の運営に活かしたく存じます。また、夜間帯の非常階段につきましては、ホテルスタッフが夜間巡回等で利用しております。細心の注意を払い、音に関するご迷惑をお掛けしないよう努めておりましたが、ご不快な思いをさせてしまいました事、この場を借りて謝罪申し上げます。誠に申し訳ございません。いただきましたご意見を、ホテルスタッフ間で共有し、今一度襟を正し、より一層のサービスの向上に努めてまいります。貴重なお時間でのご投稿、誠にありがとうございます。お客様から再度、お選びいただけるホテルを目指し、スタッフ一同精進して参ります。またのご利用、心よりお待ちしております。フロント　依田,【素泊まり】渋谷駅から徒歩圏内のアパホテル！道玄坂に面したアクセス抜群の立地！【Wi-Fi全室無料】,【□禁煙室□セミダブル】
アパホテル＜渋谷道玄坂上＞,138039,おんちゃん10336989,40代,女性,https://review.travel.rakuten.co.jp/hotel/voice/138039/17406014?f_time=&f_keyword=&f_age=0&f_sex=0&f_mem1=0&f_mem2=0&f_mem3=0&f_mem4=0&f_mem5=0&f_teikei=&f_static=1&f_point=0&f_sort=0&f_next=40&f_offset=9,,2020-09-15 04:12:33,2020月08月,4,4,5,4,4,3,4,,お風呂は小さいですが立地は最高でした。リフレッシュできました。ありがとうございました。,この度はアパホテル〈渋谷道玄坂上〉にご宿泊頂きまして誠にありがとうございます。当館の立地にご満足頂けたようで大変嬉しく思います。浴室はコンパクトな作りとなっておりますが、アパホテル独自が開発した『たまご型ユニットバス』でございまして、通常の浴槽より20％節水が可能となっております。また、節水だけではなく定量止水栓や節水シャワーもついており地球に優しくエコ活動に貢献しています。またご機会がございましたらぜひ当館をご利用くださいませ。お客様のまたのご来館をスタッフ一同心よりお待ち申し上げております。フロント　引本,【素泊まり】室数限定・特別価格渋谷駅から徒歩圏内のアパホテル,【□禁煙室□シングル】
アパホテル＜渋谷道玄坂上＞,138039,投稿者,,,https://review.travel.rakuten.co.jp/hotel/voice/138039/17399781?f_time=&f_keyword=&f_age=0&f_sex=0&f_mem1=0&f_mem2=0&f_mem3=0&f_mem4=0&f_mem5=0&f_teikei=&f_static=1&f_point=0&f_sort=0&f_next=40&f_offset=10,,2020-09-13 10:21:09,2020月09月,3,2,5,3,2,3,-,,出張先に近いのでこちらのホテルを選びました。近くにコンビニが数店あり立地はとても良いと思います。設備・アメニティに関しては、パジャマ用ガウンがほこりが溜まった机の引き出しに入っているのがとても気になりました。引き出しにしまうのであれば、引き出し内もきれいにして欲しいです。ベットメイキングの後、ほこりが舞うのだと思うのですが、夜部屋に帰ってくるとベット上や机にほこりがうっすら溜まった状態になっており、自分で拭き掃除する必要がありました。毎日交換してもらえていると思っていたシーツなども4日1度のみだったことがびっくりです。予約前に分かる様に表記があれば毎日交換してもらえるプランを選択したかったです。ほこりを気にしない人も多いですが、気になる人にももう少し配慮が欲しいです。,この度はアパホテル〈渋谷道玄坂上〉にご宿泊頂きまして誠にありがとうございます。当館の立地にご満足頂けたようで嬉しく存じます。その一方で、清掃面で不快な思いをさせてしまいましたことお詫び申し上げます。清掃に関しましてはアパホテルでは通常「連泊エコ清掃」を導入しており、シーツ類は４日に1度の交換をさせて頂いております。しかしながら、希望がございましたら毎日の交換も承っております。チェックインの際に十分なご説明ができておらず、申し訳ございませんでした。以後同様のことが無いようスタッフ一同、客室管理の徹底と丁寧なご案内に努めてまいります。この度は貴重なご意見をありがとうございました。フロント　富田,【素泊まり】渋谷駅から徒歩圏内のアパホテル！道玄坂に面したアクセス抜群の立地！【Wi-Fi全室無料】,【□禁煙室□シングル】
アパホテル＜渋谷道玄坂上＞,138039,koga-t,80代,男性,https://review.travel.rakuten.co.jp/hotel/voice/138039/17387684?f_time=&f_keyword=&f_age=0&f_sex=0&f_mem1=0&f_mem2=0&f_mem3=0&f_mem4=0&f_mem5=0&f_teikei=&f_static=1&f_point=0&f_sort=0&f_next=40&f_offset=11,,2020-09-08 17:12:38,2020月09月,5,4,4,4,4,2,-,,通院での電車混雑を避けるため前夜泊．年寄りには道玄坂が少々だったが，普通には良い場所と思います．すべてが機能的で結構でした，,この度はアパホテル〈渋谷道玄坂上〉にご宿泊いただき、誠にありがとうございました。当館は、渋谷駅から道玄坂を上って徒歩8分という場所に位置しており、渋谷駅周辺と比べると静かな環境でお休みいただけるため、多くのお客様にご好評をいただいております。お部屋に関しまして、機能的というお言葉をいただけて、スタッフ一同大変嬉しく思っております。9月に入りましたが、未だ暑い日が続くようですので、どうぞご自愛くださいませ。フロント　鶴井,【素泊まり】室数限定・特別価格渋谷駅から徒歩圏内のアパホテル,【□禁煙室□シングル】
アパホテル＜渋谷道玄坂上＞,138039,タス69,50代,男性,https://review.travel.rakuten.co.jp/hotel/voice/138039/17384808?f_time=&f_keyword=&f_age=0&f_sex=0&f_mem1=0&f_mem2=0&f_mem3=0&f_mem4=0&f_mem5=0&f_teikei=&f_static=1&f_point=0&f_sort=0&f_next=40&f_offset=12,,2020-09-07 18:02:01,2020月09月,5,3,3,4,4,3,5,,部屋もキレイで良かったです。,この度はアパホテル〈渋谷道玄坂上〉にご宿泊頂きありがとうございます。お褒めの言葉を頂き大変嬉しく思います。これからもスタッフ一同誠意をもってお客様へのサービス向上に邁進して参ります。フロント　松本,【朝食付】コメダ珈琲店モーニングセット！一日の始まりは美味しい朝食から！【Wi-Fi全室無料】,【□禁煙室□シングル】
アパホテル＜渋谷道玄坂上＞,138039,投稿者,,,https://review.travel.rakuten.co.jp/hotel/voice/138039/17365888?f_time=&f_keyword=&f_age=0&f_sex=0&f_mem1=0&f_mem2=0&f_mem3=0&f_mem4=0&f_mem5=0&f_teikei=&f_static=1&f_point=0&f_sort=0&f_next=40&f_offset=13,,2020-08-30 20:02:35,2020月08月,5,5,5,5,5,5,-,,チェックインの時間変更にも快く応じていただきました。対応の丁寧さに感動しました。出張の際は必ず利用させていただきたいです。,この度はアパホテル〈渋谷道玄坂上〉にご宿泊頂き誠にありがとうございます。お客様からお褒めの言葉を頂戴することができ、スタッフ一同大変嬉しく感じております。今後ともお客様から選ばれるホテルを目指し日々精進してまいります。是非また出張の際はご利用くださいませ。お忙しい中口コミのご協力ありがとうございました。またのご来館をスタッフ一同心よりお待ちしております。フロント　橋本,【素泊まり】渋谷駅から徒歩圏内のアパホテル！道玄坂に面したアクセス抜群の立地！【Wi-Fi全室無料】,【■喫煙可■シングル】
アパホテル＜渋谷道玄坂上＞,138039,投稿者,,,https://review.travel.rakuten.co.jp/hotel/voice/138039/17350151?f_time=&f_keyword=&f_age=0&f_sex=0&f_mem1=0&f_mem2=0&f_mem3=0&f_mem4=0&f_mem5=0&f_teikei=&f_static=1&f_point=0&f_sort=0&f_next=40&f_offset=14,,2020-08-23 20:57:47,2020月08月,5,4,3,5,5,4,2,,部屋が綺麗で良かったです。また宿泊します。,この度はアパホテル〈渋谷道玄坂上〉にご宿泊いただき誠にありがとうございました。快適にご滞在頂けたご様子を伺う事ができ、大変嬉しく存じます。今後ともお客様にお選び頂けるホテルであり続けられるようスタッフ一同精進して参ります。またのご利用を心よりお待ち申し上げております。フロント　富田,【素泊まり】渋谷駅から徒歩圏内のアパホテル！道玄坂に面したアクセス抜群の立地！【Wi-Fi全室無料】,【□禁煙室□シングル】
アパホテル＜渋谷道玄坂上＞,138039,投稿者,,,https://review.travel.rakuten.co.jp/hotel/voice/138039/17323020?f_time=&f_keyword=&f_age=0&f_sex=0&f_mem1=0&f_mem2=0&f_mem3=0&f_mem4=0&f_mem5=0&f_teikei=&f_static=1&f_point=0&f_sort=0&f_next=40&f_offset=15,,2020-08-15 21:22:04,2020月07月,4,2,3,4,3,3,-,,宿泊翌日天候不良で、フロントに傘の貸し出し申し出るも無い！と冷たく反応されました。コンビニまで濡れて買いに行く羽目に。,この度はアパホテル〈渋谷道玄坂上〉をご利用いただきありがとうございます。当館では傘の貸出を在庫がある限り行っておりますが、全て貸し出してしまっている場合がございます。当日はお客様のご期待に添えられず、大変申し訳ございませんでした。また、貸出しが出来なかった際のスタッフの対応は改善すべき点です。ご宿泊頂いたのにも関わらず最後に誤った対応をしたこと申し訳ございませんでした。また、濡れてしまった場合お申し付け頂ければタオルの貸出も行なっておりますので、お気軽にお声がけ下さいませ。この度は大変申し訳ございませんでした。今後も貴重な意見を参考にサービスの向上に努めます。またのご利用を心よりお待ちしております。神田,【素泊まり】渋谷駅から徒歩圏内のアパホテル！道玄坂に面したアクセス抜群の立地！【Wi-Fi全室無料】,【■喫煙可■セミダブル】
アパホテル＜渋谷道玄坂上＞,138039,うし4426,40代,男性,https://review.travel.rakuten.co.jp/hotel/voice/138039/17292930?f_time=&f_keyword=&f_age=0&f_sex=0&f_mem1=0&f_mem2=0&f_mem3=0&f_mem4=0&f_mem5=0&f_teikei=&f_static=1&f_point=0&f_sort=0&f_next=40&f_offset=16,,2020-08-05 18:21:02,2020月08月,5,5,5,5,5,5,-,,立地も良く、どこに行くにしても便利でした。それでいて、渋谷の喧騒からは離れているので駅前ほどの雑多感も無く、部屋も気配り心配りが行き届いていて快適に過ごせました。,この度はアパホテル〈渋谷道玄坂上〉にご宿泊いただき、誠にありがとうございました。当館は渋谷駅から徒歩8分という場所に位置しているため、便利にご利用いただけたかと存じます。また客室に関しましても、お客様にご満足いただけたようで、スタッフ一同大変嬉しく思います。またのご利用をお待ちしております。フロント　鶴井,【素泊まり】渋谷駅から徒歩圏内のアパホテル！道玄坂に面したアクセス抜群の立地！【Wi-Fi全室無料】,【□禁煙室□シングル】
アパホテル＜渋谷道玄坂上＞,138039,投稿者,,,https://review.travel.rakuten.co.jp/hotel/voice/138039/17247007?f_time=&f_keyword=&f_age=0&f_sex=0&f_mem1=0&f_mem2=0&f_mem3=0&f_mem4=0&f_mem5=0&f_teikei=&f_static=1&f_point=0&f_sort=0&f_next=40&f_offset=17,,2020-07-17 10:53:37,2020月07月,2,3,3,3,2,3,-,,コロナ禍でいろいろ頑張っておられるので、応援しようと考え宿泊しました。部屋に入ってエアコンをつけると、天井のエアコンのルーバーが開き風が出ましたが、そのルーバー内側ががカビだらけだったので一気に気分が落ち込みました。その風を呼吸する気になれず、エアコンを切って窓を開けました。気にならない人はどうでもよいことかもしれないけど、自分には残念でした。これからも頑張ってください。,この度はアパホテル〈渋谷道玄坂上〉にご宿泊いただき、誠にありがとうございました。お客様がご滞在されましたお部屋の清掃が行き届いておらず、お客様に不快な思いをさせてしまいましたこと、心よりお詫び申し上げます。当ホテルを応援しようとしてくださったこと、スタッフ一同大変感謝しております。お客様からいただきましたご意見を、今後の清掃方法に活かして参りたいと思います。貴重なご意見と励ましのお言葉、ありがとうございました。またのご利用をお待ちしております。フロント　鶴井,【素泊まり】渋谷駅から徒歩圏内のアパホテル！道玄坂に面したアクセス抜群の立地！【Wi-Fi全室無料】,【□禁煙室□シングル】
アパホテル＜渋谷道玄坂上＞,138039,投稿者,,,https://review.travel.rakuten.co.jp/hotel/voice/138039/17194949?f_time=&f_keyword=&f_age=0&f_sex=0&f_mem1=0&f_mem2=0&f_mem3=0&f_mem4=0&f_mem5=0&f_teikei=&f_static=1&f_point=0&f_sort=0&f_next=40&f_offset=18,,2020-06-09 18:04:16,2020月06月,4,3,4,4,4,3,-,,清潔なホテルでした。お風呂が狭いのは仕方ないですね,この度はアパホテル〈渋谷道玄坂上〉にご宿泊いただき誠にありがとうございました。清掃スタッフとのコミュニケーションをこまめに取り合うことで、快適なお部屋の提供を実現できております。しかしながら、浴槽の狭さに関してご不便おかけいたしまして申し訳ございません。アパホテルでは、環境対応に特化した客室の設計を行っており、節水20％が可能となる卵型浴槽を採用しております。今回の貴重なご意見を今後の設計の参考にし、より良いお部屋をご提供できるよう邁進してまいります。当館に関するご意見に時間を割いていただき誠にありがとうございます。またのご利用をお待ちしております。フロント：久保田,【素泊まり】渋谷駅から徒歩圏内のアパホテル！道玄坂に面したアクセス抜群の立地！【Wi-Fi全室無料】,【□禁煙室□ダブル】
アパホテル＜渋谷道玄坂上＞,138039,投稿者,,,https://review.travel.rakuten.co.jp/hotel/voice/138039/17166354?f_time=&f_keyword=&f_age=0&f_sex=0&f_mem1=0&f_mem2=0&f_mem3=0&f_mem4=0&f_mem5=0&f_teikei=&f_static=1&f_point=0&f_sort=0&f_next=40&f_offset=19,,2020-04-19 21:27:39,2020月04月,2,1,4,5,4,4,-,,「テレワーク応援プラン」利用。さすがアパ、施設面は非常に快適でした。ただサービス面は、連泊だからか、残念ながら。。・初日、連泊用の必需品がこちらから言わないと準備されない・連泊中1回の清掃が予定通り行われない→フロントに電話、再設定した日程に部屋で待ってても一向に来ないなど、連泊プランのスタッフの認識不足/フロントと清掃の連携不足がとても残念でした。,この度は、アパホテル〈渋谷道玄坂上〉をご利用頂きまして誠にありがとうございます。テレワーク応援プランのご利用ありがとうございました。しかしながら、度重なる不手際によりお客様にご迷惑をおかけし誠に申し訳ございません。通常ですとプランの性質上ご滞在中一回清掃に入らせて頂いておりますが、清掃スタッフとの連携不足によりお客様のご希望の日時に予定していた清掃内容が行えず、お客様をお待たせしてしまいました。お客様の仰る通りフロントと清掃の連携を強固なものにし、施設面だけでなくサービス面に関してもお客様にご満足いただけるようスタッフ一同精進して参ります。この度は、貴重なご意見を頂き誠にありがとうございました。お客様にまたご利用頂けるようサービスの向上に努めて参ります。フロント　中村,【素泊まり】テレワーク応援5日連続プランWi-Fi接続無料,【□禁煙室□シングル】
アパホテル＜渋谷道玄坂上＞,138039,投稿者,,,https://review.travel.rakuten.co.jp/hotel/voice/138039/17159196?f_time=&f_keyword=&f_age=0&f_sex=0&f_mem1=0&f_mem2=0&f_mem3=0&f_mem4=0&f_mem5=0&f_teikei=&f_static=1&f_point=0&f_sort=0&f_next=40&f_offset=20,,2020-04-12 01:13:57,2020月04月,3,3,3,3,3,2,-,,可もなく、不可もなくでした。ただ、禁煙室にも関わらず、タバコの匂いがしたため、不快に感じました。,この度はアパホテル〈渋谷道玄坂上〉をご利用いただき誠にありがとうございました。お部屋について、ご不快な思いをさせてしまいました事、心よりお詫び申し上げます。今後、ご指摘頂いたようなことがないようスタッフ一同、客室の清掃・点検を徹底を致したいと思います。貴重なご意見をありがとうございました。フロント　富田,【素泊まり】渋谷駅から徒歩圏内のアパホテル！道玄坂に面したアクセス抜群の立地！【Wi-Fi全室無料】,【□禁煙室□シングル】
アパホテル＜渋谷道玄坂上＞,138039,投稿者,,,https://review.travel.rakuten.co.jp/hotel/voice/138039/17158339?f_time=&f_keyword=&f_age=0&f_sex=0&f_mem1=0&f_mem2=0&f_mem3=0&f_mem4=0&f_mem5=0&f_teikei=&f_static=1&f_point=0&f_sort=0&f_next=60&f_offset=1,,2020-04-11 09:08:16,2020月04月,5,4,5,5,4,3,3,,腰痛持ちなのですぐベッドの合う合わないがわかります、期待以上の良さでよく眠れました。ありがとうございます。,この度はアパホテル〈渋谷道玄坂上〉をご利用いただき誠にありがとうございました。当館では「快眠」を追及し、米トップブランドのシーリー社と共同開発したアパホテルオリジナルベッド、「クラウドフィット」を導入しております。雲の上のような寝心地を多くのお客様よりご好評頂いておりますが、お客様にも快適にお過ごしいただけたことを大変嬉しく思います。またのご利用をスタッフ一同心よりお待ち申し上げております。フロント　富田,【素泊まり】渋谷駅から徒歩圏内のアパホテル！道玄坂に面したアクセス抜群の立地！【Wi-Fi全室無料】,【□禁煙室□シングル】
アパホテル＜渋谷道玄坂上＞,138039,投稿者,,,https://review.travel.rakuten.co.jp/hotel/voice/138039/17149792?f_time=&f_keyword=&f_age=0&f_sex=0&f_mem1=0&f_mem2=0&f_mem3=0&f_mem4=0&f_mem5=0&f_teikei=&f_static=1&f_point=0&f_sort=0&f_next=60&f_offset=2,,2020-04-05 08:47:13,2020月03月,4,3,5,4,4,3,3,,アクセス抜群の立地！とありますが、その通りでした。今後も利用したいと思います。,この度はアパホテル〈渋谷道玄坂上〉をご利用いただき誠にありがとうございました。渋谷駅からの道のりにはたくさんの飲食店が立ち並んでいてアクセスも楽しめます。テイクアウトしてお部屋でゆっくり美味しい食べ物を頂くのもおすすめです。貴重なご意見ありがとうございました。またのご利用をスタッフ一同心よりお待ち致しております。フロント　神田,【素泊まり】渋谷駅から徒歩圏内のアパホテル！道玄坂に面したアクセス抜群の立地！【Wi-Fi全室無料】,【□禁煙室□シングル】
アパホテル＜渋谷道玄坂上＞,138039,投稿者,,,https://review.travel.rakuten.co.jp/hotel/voice/138039/17137194?f_time=&f_keyword=&f_age=0&f_sex=0&f_mem1=0&f_mem2=0&f_mem3=0&f_mem4=0&f_mem5=0&f_teikei=&f_static=1&f_point=0&f_sort=0&f_next=60&f_offset=3,,2020-03-29 21:39:28,2020月03月,5,3,5,4,3,3,-,,部屋や立地については申し分なかった。VODはほぼ映画はなくバラエティ番組や昔の古い映画などで映画目的で泊まるのはあまり向いてない。実際あのくらいなら千円払わなくてもよかったかなと思った。チェックアウトの際もエレベーターが１つしかなく階段もないため上階から降りてくる人が乗っていて自分達が乗る事が出来ず同階のほかの利用者と20分ほどエレベーター前で待機することになった。利用の際はチェックアウト時間より早めに出ないと後悔する。,この度は、アパホテル〈渋谷道玄坂上〉へご宿泊いただきまして誠にありがとうございます。ビデオサービスでありますVODでは、お客様のおっしゃる通り映画に加えバラエティ番組等様々なジャンルを取り入れており、162以上のタイトルを1ヶ月毎に更新行っております。さらなるタイトルの充実化に向けて取り組んで参ります。また、エレベーターのご利用に関しましてお不便をお掛けし大変心苦しく存じます。エレベーター1基のみの設置の為、朝10時30分～11時30分・夜21時～23時まで大変混雑する場合がございます。ご不便をお掛け致しますが、何卒ご容赦賜りますようお願い申し上げます。お忙しい中、貴重なご意見誠にありがとうございます。また渋谷へお越しの際は、是非ご利用いただければと存じます。お客様のまたのご来館を心よりお待ち申し上げます。フロント　依田,【VOD付】162タイトル以上の映画が見放題！大画面で大迫力のルームシアター付プラン！,【■喫煙可■ダブル】
アパホテル＜渋谷道玄坂上＞,138039,投稿者,,,https://review.travel.rakuten.co.jp/hotel/voice/138039/17127338?f_time=&f_keyword=&f_age=0&f_sex=0&f_mem1=0&f_mem2=0&f_mem3=0&f_mem4=0&f_mem5=0&f_teikei=&f_static=1&f_point=0&f_sort=0&f_next=60&f_offset=4,,2020-03-25 16:23:59,2020月03月,3,4,4,4,1,4,-,,綺麗で便利で素晴らしいホテルでした。お風呂も快適で、本当に素晴らしいです。ただ、エレベーターが1台しかなくて、全然きません。階段も非常時以外は使えなくて、エレベーターしか移動の選択肢がありません。しかも業務用も無くて、朝9時頃、シーツやアメニティの取替の作業をしていて、長い時間、エレベーターを待ちました,この度はアパホテル〈渋谷道玄坂上〉をご利用頂きまして誠にありがとうございます。お客様の仰る通り、当館にはエレベーターが一基しかなく、特にチェックアウトのお時間になると込み合いお待たせしてしまう可能性がございます。お客様には大変ご迷惑をお掛け致しますがお時間に余裕をもってご利用頂ければ幸いでございます。また、「素晴らしいホテルでした」とお褒めの言葉を頂きスタッフ一同大変嬉しく思っております。お客様にまたご利用頂けるようサービス向上に努め精進して参ります。この度はお忙しい中、ご投稿誠にありがとうございました。お客様のまたのご利用をスタッフ一同う心よりお待ち致しております。フロント　中村,【素泊まり】渋谷駅から徒歩圏内のアパホテル！道玄坂に面したアクセス抜群の立地！【Wi-Fi全室無料】,【□禁煙室□ダブル】
アパホテル＜渋谷道玄坂上＞,138039,エキゾリアン,50代,男性,https://review.travel.rakuten.co.jp/hotel/voice/138039/17114372?f_time=&f_keyword=&f_age=0&f_sex=0&f_mem1=0&f_mem2=0&f_mem3=0&f_mem4=0&f_mem5=0&f_teikei=&f_static=1&f_point=0&f_sort=0&f_next=60&f_offset=5,,2020-03-20 10:22:08,2020月03月,3,3,4,3,3,4,4,,チェックイン前荷物を預け預かって貰い助かったが他のアパホテルでは言われた事のない何時にチェックインされますか？と強く言われた。何故と？問い正したところ18時過ぎて連絡なければキャンセルします？と言われた事に物凄く違和感をかんした。こちらはキャンセルするようなお客に見られのかな？と疑問に思った,この度はアパホテル〈渋谷道玄坂上〉をご利用頂きまして誠にありがとうございます。今回、お客様への案内に配慮が足らなかったこと大変申し訳ございませんでした。チェックインの時間は他のお客様にも統一して聞いておりますが、お荷物を預かったお客様にキャンセル案内は基本的に行っておりません。案内に不手際がありました事申し訳ございませんでした。数多くあるホテルの中から当館をお選びいただいたにもかかわらず、お客様のご期待に添うことができず、大変心苦しく思います。お客様から頂戴しましたお声を真摯に受け止め、設備・サービスの改善および向上により一層努めて参ります。この度は貴重なお時間割いてのご投稿、誠にありがとうございました。お客様のまたのご利用をスタッフ一同心よりお待ちいたしております。フロント　神田,【朝食付】コメダ珈琲店モーニングセット！一日の始まりは美味しい朝食から！【Wi-Fi全室無料】,【□禁煙室□ダブル】
アパホテル＜渋谷道玄坂上＞,138039,投稿者,,,https://review.travel.rakuten.co.jp/hotel/voice/138039/17094728?f_time=&f_keyword=&f_age=0&f_sex=0&f_mem1=0&f_mem2=0&f_mem3=0&f_mem4=0&f_mem5=0&f_teikei=&f_static=1&f_point=0&f_sort=0&f_next=60&f_offset=6,,2020-03-10 14:11:58,2020月03月,3,3,2,3,3,3,-,,渋谷駅から徒歩圏内ですが、坂道を登り続けます。覚悟してください。渋谷なので価格は高めです。側にコンビニがあります。アパホテルはテレビが大きいので、お部屋でテレビを観られる方はいいと思います。,この度はアパホテル〈渋谷道玄坂上〉にご宿泊頂きまして、誠にありがとうございます。渋谷駅よりお越しの際にご足労をおかけ致しました。東急線・東京メトロでお越しの際は1番出口、京王線・JRでお越しの際は渋谷マークシティの道玄坂方面出口をご利用いただきますと近道になります。立地や設備についてお褒めいただき感謝致します。テレビはスマホやタブレット端末のミラーリング接続もご利用いただけます。Webページは勿論、写真や動画も大画面でお楽しみいただくことができます。エコと高機能を併せ持つ「新都市型ホテル」をこれからもご利用いただけるなら幸いです。この度はご投稿いただき誠にありがとうございました。フロント　古谷　,【楽天スーパーSALE】10％OFF！超お得な素泊まりプラン！渋谷駅から徒歩圏内のアパホテル！,【□禁煙室□シングル】
